"","time","status","x"
"1",9,1,"Maintained"
"2",13,1,"Maintained"
"3",13,0,"Maintained"
"4",18,1,"Maintained"
"5",23,1,"Maintained"
"6",28,0,"Maintained"
"7",31,1,"Maintained"
"8",34,1,"Maintained"
"9",45,0,"Maintained"
"10",48,1,"Maintained"
"11",161,0,"Maintained"
"12",5,1,"Nonmaintained"
"13",5,1,"Nonmaintained"
"14",8,1,"Nonmaintained"
"15",8,1,"Nonmaintained"
"16",12,1,"Nonmaintained"
"17",16,0,"Nonmaintained"
"18",23,1,"Nonmaintained"
"19",27,1,"Nonmaintained"
"20",30,1,"Nonmaintained"
"21",33,1,"Nonmaintained"
"22",43,1,"Nonmaintained"
"23",45,1,"Nonmaintained"
